Title,Summary,URLName
How to Change Billing and Shipping Info,"Lorem ipsum dolor sit amet, consectetur adipiscing elit.",How-to-Change-Billing-and-Shipping-Info
How to Change Account Info,"Lorem ipsum dolor sit amet, consectetur adipiscing elit.",How-to-Change-Account-Info
How to Update User Profile,"Lorem ipsum dolor sit amet, consectetur adipiscing elit.",How-to-Update-User-Profile
How to Find Security Code on Credit Card,"Lorem ipsum dolor sit amet, consectetur adipiscing elit.",How-to-Find-Security-Code-on-Credit-Card
How to Review Purchase History,"Lorem ipsum dolor sit amet, consectetur adipiscing elit.",How-to-Review-Purchase-History
How to Change Payment Info,"Lorem ipsum dolor sit amet, consectetur adipiscing elit.",How-to-Change-Payment-Info
How to Set up a Corporate Account,"Lorem ipsum dolor sit amet, consectetur adipiscing elit.",How-to-Set-up-a-Corporate-Account
How to Calculate Sales Tax,"Lorem ipsum dolor sit amet, consectetur adipiscing elit.",How-to-Calculate-Sales-Tax