Title,Summary,URLName
Requirements for transfering funds,"Lorem ipsum dolor sit amet, consectetur adipiscing elit.",Requirements-for-transfering-funds
Reasons a balance may not reflect all transactions,"Lorem ipsum dolor sit amet, consectetur adipiscing elit.",Reasons-a-balance-may-not-reflect-all-transactions
Technical requirements for virtual meetings,"Lorem ipsum dolor sit amet, consectetur adipiscing elit.",Technical-requirements-for-virtual-meetings
How an account payoff is calculated,"Lorem ipsum dolor sit amet, consectetur adipiscing elit.",How-an-account-payoff-is-calculated
Reasons a loan balance may be different than the last statement,"Lorem ipsum dolor sit amet, consectetur adipiscing elit.",Reasons-a-loan-balance-may-be-different-than-the-last-statement
How treatment eligibility is determined,"Lorem ipsum dolor sit amet, consectetur adipiscing elit.",How-treatment-eligibility-is-determined
The differences between in-network and out-of-network providers,"Lorem ipsum dolor sit amet, consectetur adipiscing elit.",The-differences-between-in-network-and-out-of-network-providers
Why some medications are not available in generic form,"Lorem ipsum dolor sit amet, consectetur adipiscing elit.",Why-some-medications-are-not-available-in-generic-form
How long does it take to replinish stock on items,"Lorem ipsum dolor sit amet, consectetur adipiscing elit.",How-long-does-it-take-to-replinish-stock-on-items
Common causes of shipment delay,"Lorem ipsum dolor sit amet, consectetur adipiscing elit.",Common-causes-of-shipment-delay
How to change delivery once an item ships,"Lorem ipsum dolor sit amet, consectetur adipiscing elit.",How-to-change-delivery-once-an-item-ships
Procedures for case management,"Lorem ipsum dolor sit amet, consectetur adipiscing elit.",Procedures-for-case-management
Why password reset requires human intervention,"Lorem ipsum dolor sit amet, consectetur adipiscing elit.",Why-password-reset-requires-human-intervention
