Title,Summary,URLName
Procedures for case management,"Lorem ipsum dolor sit amet, consectetur adipiscing elit.",Procedures-for-case-management
Reasons a balance may not reflect all transactions,"Lorem ipsum dolor sit amet, consectetur adipiscing elit.",Reasons-a-balance-may-not-reflect-all-transactions
Reasons a loan balance may be different than the last statement,"Lorem ipsum dolor sit amet, consectetur adipiscing elit.",Reasons-a-loan-balance-may-be-different-than-the-last-statement
Requirements for transfering funds,"Lorem ipsum dolor sit amet, consectetur adipiscing elit.",Requirements-for-transfering-funds
Technical requirements for virtual meetings,"Lorem ipsum dolor sit amet, consectetur adipiscing elit.",Technical-requirements-for-virtual-meetings
The differences between in-network and out-of-network providers,"Lorem ipsum dolor sit amet, consectetur adipiscing elit.",The-differences-between-in-network-and-out-of-network-providers
Why password reset requires human intervention,"Lorem ipsum dolor sit amet, consectetur adipiscing elit.",Why-password-reset-requires-human-intervention
Why some medications are not available in generic form,"Lorem ipsum dolor sit amet, consectetur adipiscing elit.",Why-some-medications-are-not-available-in-generic-form
