Title,Summary,URLName
Why should I purchase an electric vehicle?,"Lorem ipsum dolor sit amet, consectetur adipiscing elit.",Why-should-I-purchase-an-electric-vehicle
Is Chevrolet currently offering any incentives or Special Offers?,"Lorem ipsum dolor sit amet, consectetur adipiscing elit.",Is-Chevrolet-currently-offering-any-incentives-or-Special-Offers
"Am I eligible for any state, local or utility incentives?","Lorem ipsum dolor sit amet, consectetur adipiscing elit.","Am-I-eligible-for-any-state,-local-or-utility-incentives"
When can I place an order for next year's model?,"Lorem ipsum dolor sit amet, consectetur adipiscing elit.",When-can-I-place-an-order-for-next-year's-model
What is Regen on Demand?,"Lorem ipsum dolor sit amet, consectetur adipiscing elit.",What-is-Regen-on-Demand
What is One Pedal Driving?,"Lorem ipsum dolor sit amet, consectetur adipiscing elit.",What-is-One-Pedal-Driving
What is Super Cruise?,"Lorem ipsum dolor sit amet, consectetur adipiscing elit.",What-is-Super-Cruise
What is OnStar?,"Lorem ipsum dolor sit amet, consectetur adipiscing elit.",What-is-OnStar
Do most people charge at home?,"Lorem ipsum dolor sit amet, consectetur adipiscing elit.",Do-most-people-charge-at-home
What are the different ways to charge?,"Lorem ipsum dolor sit amet, consectetur adipiscing elit.",What-are-the-different-ways-to-charge
